feature,importance
INT_EXT_AVG,1448147.0327922106
INT_EXT_23_MULT,348122.9539642334
INST_RECENT_INST_PAYMENT_RATIO,145959.18703460693
INT_EXT_MAX,143313.34135723114
INT_DOC_CREDIT,130028.96851348877
DAYS_BIRTH,124154.3563709259
INT_INCOME_PER_YEAR_EMPLOYED,107137.96191978455
EXT_SOURCE_1,91567.50590324402
AMT_ANNUITY,89809.56055259705
INT_EXT_MIN,86887.6787443161
AMT_GOODS_PRICE,85089.86278533936
NAME_EDUCATION_TYPE,81373.61700820923
INT_GENDER_CREDIT,80920.4909362793
BUREAU_DAYS_CREDIT_MAX,73724.22842597961
INT_EMPLOY_INCOME,72872.98734283447
INT_PAYMENT_LATE,72610.22379684448
DAYS_ID_PUBLISH,71006.04769325256
PREV_APP_CREDIT_RATIO,70830.3180551529
POS_CNT_INSTALMENT_FUTURE_MEAN,64755.9105014801
BUREAU_DAYS_CREDIT_ENDDATE_MAX,64030.605295181274
EXT_SOURCE_3,63872.80698108673
DOC_PER_CREDIT_UNIT,60599.562311172485
POS_AVG_COMPLETION,60177.35835170746
INST_PAYMENT_COMPLETION_RATE,58153.09207725525
BUREAU_DAYS_ENDDATE_FACT_MAX,56051.47208786011
PREV_CNT_PAYMENT_MEAN,52569.85530090332
DAYS_REGISTRATION,52566.346119880676
DAYS_LAST_PHONE_CHANGE,52408.08680391312
BUREAU_DEBT_CREDIT_RATIO,51677.6845703125
INT_AGE_ANNUITY,51443.82917022705
BUREAU_AMT_CREDIT_SUM_DEBT_STD,50837.98861980438
DAYS_EMPLOYED,50796.949672698975
PREV_AMT_DOWN_PAYMENT_SUM,47828.55639362335
OWN_CAR_AGE,47265.300786972046
INT_DOC_INCOME,46918.75583219528
INST_AMT_PAYMENT_SUM,46188.23268890381
BUREAU_AMT_CREDIT_SUM_MAX,45693.39318275452
PREV_PREV_APP_REFUSED_MEAN,45206.23663520813
AMT_CREDIT,44461.85259056091
INT_EXT_12_MULT,43960.5176525116
BUREAU_AMT_CREDIT_SUM_MIN,42475.94686126709
EXT_SOURCE_2,41880.64063644409
PREV_APPROVAL_RATE,41275.605993270874
INT_EXT_STD,40277.06050109863
PREV_AMT_ANNUITY_MEAN,40114.6328727901
BUREAU_AMT_CREDIT_SUM_MEAN,38840.04767036438
INT_AGE_CREDIT,38658.04071140289
INT_EXT_12_DIFF,38316.70604515076
BUREAU_DAYS_CREDIT_ENDDATE_MEAN,37694.22492980957
BUREAU_AMT_CREDIT_SUM_SUM,36715.02235412598
PREV_AMT_DOWN_PAYMENT_MAX,35690.33037567139
INST_INST_DPD_SUM,35610.58898258209
INST_INST_PAID_EARLY_SUM,35375.08234977722
INST_PAYMENT_CONSISTENCY,35099.93959617615
BUREAU_DAYS_CREDIT_MIN,34676.20306968689
BUREAU_DAYS_CREDIT_UPDATE_MAX,34559.11713695526
INST_INST_DPD_MAX,34511.12341117859
PREV_DAYS_DECISION_MAX,34041.45080661774
INST_RECENT_INST_DPD,34035.071420669556
GEO_REGION_POPULATION_RELATIVE_LOG,33989.05915641785
BUREAU_AMT_CREDIT_SUM_STD,33979.32384300232
PREV_RATE_DOWN_PAYMENT_MAX,32834.655099868774
INT_EXT_23_RATIO,31401.1876373291
PREV_AMT_ANNUITY_MIN,31362.482236862183
INST_RECENT_INST_PAID_LATE,31052.87148475647
POS_MONTHS_BALANCE_MEAN,30634.999683380127
PREV_DAYS_DECISION_MEAN,30496.336488723755
PREV_REFUSAL_RATE,29913.105788230896
NAME_FAMILY_STATUS,29399.450212478638
PREV_CNT_PAYMENT_MAX,29244.964630126953
INT_GENDER_INCOME,28757.62425994873
BUREAU_CREDIT_UTILIZATION,28755.429246902466
POS_MONTHS_BALANCE_MAX,28362.646366119385
INST_INST_DPD_STD,28243.111956596375
INST_INST_PAYMENT_RATIO_MEAN,28182.531116485596
POS_POS_STATUS_ACTIVE_MEAN,27740.4842338562
CC_VERY_RECENT_CC_UTILIZATION,27369.09357357025
POS_CNT_INSTALMENT_FUTURE_MAX,27343.59289741516
PREV_AMT_ANNUITY_MAX,27205.390307426453
CC_CC_OVER_LIMIT_MEAN,27162.588256835938
CC_DRAWING_TO_PAYMENT_RATIO,27095.122831344604
BUREAU_DAYS_CREDIT_STD,26990.34591817856
AMT_INCOME_TOTAL,26952.952377319336
INST_AMT_INSTALMENT_MIN,26912.97139930725
ORGANIZATION_TYPE,26528.556997299194
PREV_AMT_DOWN_PAYMENT_MEAN,26429.859210014343
POS_MONTHS_BALANCE_MIN,26301.75030899048
PREV_AMT_GOODS_PRICE_MIN,26006.251573562622
FLAG_OWN_CAR,25828.864555358887
INST_AMT_INSTALMENT_SUM,25500.21728992462
INST_INST_DPD_MIN,25450.817812919617
INST_AMT_PAYMENT_MEAN,25307.372833251953
BUREAU_DAYS_CREDIT_UPDATE_MEAN,24987.566026449203
GEO_LIVING_AREA_CV,24221.00867843628
BUREAU_AVG_CREDIT_AGE_YEARS,24182.09393119812
BUREAU_AMT_CREDIT_SUM_DEBT_MEAN,24127.825929641724
POS_CNT_INSTALMENT_MEAN,23869.286098480225
PREV_AMT_CREDIT_STD,23760.0788936615
INST_INST_PAID_LATE_MEAN,23701.35461139679
POS_CNT_INSTALMENT_MAX,23599.645668029785
PREV_DAYS_FIRST_DUE_MAX,23559.839792251587
DOC_PER_INCOME_UNIT,23244.715021133423
BUREAU_DAYS_ENDDATE_FACT_MIN,23166.028839111328
OCCUPATION_TYPE,23147.539701461792
PREV_DAYS_FIRST_DUE_MEAN,23014.097412109375
PREV_DAYS_FIRST_DUE_MIN,22866.85929131508
INST_INST_PAYMENT_RATIO_MIN,22833.32643508911
INT_PAYMENT_BUREAU,22735.536877155304
INST_AMT_PAYMENT_MIN,22670.441521644592
POS_RECENT_POS_STATUS_ACTIVE_SUM,22297.84381866455
BUREAU_DAYS_CREDIT_ENDDATE_MIN,22204.0108795166
BUREAU_DAYS_ENDDATE_FACT_MEAN,21988.33240890503
INST_INST_PAID_EARLY_MEAN,21872.931434631348
PREV_DAYS_LAST_DUE_MEAN,21104.621116638184
INST_NUM_INSTALMENT_NUMBER_MAX,21047.334398269653
CC_CNT_DRAWINGS_ATM_CURRENT_MEAN,20947.872365951538
PREV_CNT_PAYMENT_SUM,20846.47361755371
PREV_DOWN_PAYMENT_RATIO,20778.764337539673
INST_AMT_INSTALMENT_MEAN,20774.063396453857
BUREAU_DAYS_CREDIT_MEAN,20769.746152877808
PREV_RATE_DOWN_PAYMENT_MEAN,20607.63889312744
POS_POS_INSTALLMENT_RATIO_MAX,20433.28738594055
BUREAU_CREDIT_DIVERSITY,20413.077989578247
INST_LATE_PAYMENT_TREND,20108.132621765137
PREV_DAYS_DECISION_MIN,19817.052268981934
PREV_DAYS_LAST_DUE_MIN,19441.561504364014
BUREAU_CREDIT_RECENCY_DAYS,19305.212312698364
INST_AVG_DAYS_EARLY,19135.14347267151
CC_CC_UTILIZATION_MAX,19110.674114227295
PREV_DAYS_TERMINATION_MEAN,19007.730939865112
PREV_AMT_APPLICATION_MEAN,18876.507345199585
BUREAU_AMT_CREDIT_SUM_DEBT_MAX,18399.853452682495
POS_GOOD_COMPLETION_RATE,18073.273493766785
BB_BB_STATUS_0_MEAN,17942.312017440796
INST_INST_PAYMENT_RATIO_STD,17902.192259788513
BUREAU_AMT_CREDIT_SUM_DEBT_SUM,17738.211524009705
PREV_AMT_GOODS_PRICE_MEAN,17523.662231445312
DEF_60_CNT_SOCIAL_CIRCLE,17501.712141036987
INST_INST_EXACT_PAYMENT_SUM,17406.86758995056
CC_RECENT_CC_USING_CASH_ADVANCE,17378.70406150818
INST_INST_OVERPAID_MEAN,17378.455877304077
INST_AMT_INSTALMENT_STD,17201.30828857422
GEO_APARTMENTS_STD,17036.332704544067
POS_CNT_INSTALMENT_FUTURE_SUM,16701.65157699585
PREV_RATE_DOWN_PAYMENT_MIN,16659.92649078369
INST_INST_PAYMENT_RATIO_MAX,16267.654468536377
INST_AMT_INSTALMENT_MAX,16257.90062713623
HOUR_APPR_PROCESS_START,16250.917938232422
BUREAU_ACTIVE_CREDITS,16162.23119544983
PREV_AMT_CREDIT_MEAN,15845.509439468384
BUREAU_AMT_CREDIT_SUM_LIMIT_MEAN,15826.144338607788
NAME_INCOME_TYPE,15652.199010848999
BB_BB_STATUS_X_MEAN,15491.336589813232
PREV_AMT_CREDIT_MIN,15486.14380645752
POS_NUM_ACTIVE_LOANS,15465.795919418335
BB_BB_STATUS_C_SUM,15416.925476074219
POS_CNT_INSTALMENT_SUM,15161.861135482788
PREV_DAYS_TERMINATION_MIN,15079.508749008179
TOTALAREA_MODE,14759.159912109375
POS_MONTHS_BALANCE_COUNT,14739.124244689941
PREV_AMT_CREDIT_MAX,14635.51784324646
BB_BB_STATUS_0_SUM,14425.56877708435
INST_INST_DPD_MEAN,14410.924030303955
INST_INST_PAID_ON_TIME_MEAN,14225.550906181335
PREV_CHANNEL_DIVERSITY,14144.80884885788
INST_INST_PAYMENT_DIFF_MIN,14072.58572769165
BB_MONTHS_BALANCE_SIZE,13992.6195936203
GEO_CITY_RISK_SCORE,13990.069885253906
PREV_AMT_APPLICATION_MIN,13984.243026733398
BUREAU_DAYS_CREDIT_UPDATE_MIN,13966.248558044434
PREV_AMT_CREDIT_SUM,13772.685599327087
BB_RECENT_12M_CURRENT_RATE,13754.398239135742
INST_AMT_PAYMENT_STD,13618.838178634644
PREV_AMT_APPLICATION_SUM,13606.124870300293
YEARS_BEGINEXPLUATATION_MODE,13588.207485198975
INST_NUM_INSTALMENT_NUMBER_COUNT,13574.0228805542
INST_INST_PAYMENT_DIFF_MEAN,13549.177989959717
GEO_LIVING_AREA_STD,13515.13970375061
BUREAU_AMT_CREDIT_SUM_LIMIT_MAX,13491.650732040405
GEO_BUILDING_AGE_STD,13354.036754608154
REG_CITY_NOT_LIVE_CITY,13329.651559829712
PREV_PREV_APP_APPROVED_MEAN,13216.32592201233
INST_AMT_PAYMENT_MAX,13085.963768959045
WEEKDAY_APPR_PROCESS_START,12874.659485816956
YEARS_BEGINEXPLUATATION_AVG,12786.817615509033
LANDAREA_MODE,12649.152935028076
CC_AMT_CREDIT_LIMIT_ACTUAL_MEAN,12635.72276878357
LANDAREA_AVG,12551.483505249023
POS_POS_INSTALLMENT_RATIO_MEAN,12237.311492919922
PREV_AMT_APPLICATION_MAX,12176.117035865784
BB_BB_STATUS_C_MEAN,11994.781803131104
CC_RECENT_CC_UTILIZATION,11952.579931259155
INST_INST_PAYMENT_DIFF_SUM,11749.603784561157
NONLIVINGAREA_AVG,11623.93529510498
CC_CNT_DRAWINGS_CURRENT_MEAN,11472.466131210327
CC_VERY_RECENT_CC_PAYMENT_RATIO,11258.937910079956
BB_BB_STATUS_X_SUM,11215.7412109375
PREV_DAYS_LAST_DUE_MAX,11136.987714767456
NONLIVINGAREA_MODE,10989.214378356934
POS_SK_DPD_DEF_MEAN,10963.065469741821
APARTMENTS_MODE,10679.38236618042
BASEMENTAREA_MODE,10560.321743011475
AMT_REQ_CREDIT_BUREAU_QRT,10551.231716156006
NONLIVINGAREA_MEDI,10513.17416191101
PREV_PREV_APP_CANCELED_MEAN,10455.484214782715
POS_POS_INSTALLMENT_RATIO_MIN,10399.609489440918
PREV_DAYS_TERMINATION_MAX,10344.990976333618
BB_MONTHS_BALANCE_MIN,10242.596536636353
DEF_30_CNT_SOCIAL_CIRCLE,10195.001279830933
BUREAU_AMT_CREDIT_SUM_LIMIT_SUM,9976.283973693848
INST_INST_PAYMENT_DIFF_STD,9961.083679199219
INST_INST_EXACT_PAYMENT_MEAN,9746.003210067749
POS_RECENT_SK_DPD_MEAN,9601.777263641357
POS_DPD_TREND,9530.596092224121
LIVINGAREA_MODE,9259.983724594116
FLAG_DOCUMENT_3,9159.304401397705
COMMONAREA_MODE,8882.948488235474
CC_AVG_UTILIZATION,8866.432149887085
CC_CC_PAYMENT_RATIO_MAX,8809.209571838379
LANDAREA_MEDI,8661.915496826172
POS_RECENT_POS_HAS_DPD_MEAN,8589.093811035156
GEO_COMBINED_RISK,8486.3682346344
YEARS_BEGINEXPLUATATION_MEDI,8338.878114700317
DOC_ESSENTIAL_COUNT,8337.39525794983
GEO_BASEMENT_MEAN,8324.458305358887
APARTMENTS_AVG,8286.707426071167
INST_LATE_PAYMENT_RATE,8165.406391143799
PREV_PRODUCT_DIVERSITY,8130.628007888794
INST_INST_PAID_ON_TIME_SUM,8072.20299911499
REGION_POPULATION_RELATIVE,8060.990913391113
LIVINGAREA_AVG,7996.163190364838
BASEMENTAREA_AVG,7943.612394332886
INST_INST_OVERPAID_SUM,7861.272476196289
CC_NUM_ACTIVE_CARDS,7822.972093582153
CC_CNT_DRAWINGS_CURRENT_MAX,7804.776895523071
CC_CC_PAYMENT_RATIO_MEAN,7560.664095878601
COMMONAREA_AVG,7473.463905334473
INST_TOTAL_UNDERPAID,7457.199146270752
LIVINGAPARTMENTS_MODE,7384.588098526001
PREV_CANCEL_RATE,7263.906726837158
BASEMENTAREA_MEDI,7193.400974273682
POS_RECENT_SK_DPD_MAX,7137.932113647461
LIVINGAPARTMENTS_MEDI,7125.23260307312
CNT_FAM_MEMBERS,6979.781488418579
INST_INST_UNDERPAID_MEAN,6953.453742027283
GEO_APARTMENTS_MEAN,6867.825721740723
POS_SK_DPD_DEF_MAX,6817.520324707031
OBS_30_CNT_SOCIAL_CIRCLE,6770.523109436035
CC_AMT_DRAWINGS_ATM_CURRENT_MEAN,6739.801601409912
INT_UTIL_DEBT,6726.546499252319
PREV_AMT_GOODS_PRICE_MAX,6672.673250198364
CC_CNT_INSTALMENT_MATURE_CUM_MEAN,6630.502397537231
CC_CC_USING_CASH_ADVANCE_MEAN,6453.292533874512
GEO_LIVING_AREA_MEAN,6446.244121551514
COMMONAREA_MEDI,6387.614862442017
CC_CC_UTILIZATION_STD,6368.453702926636
CC_CC_DRAWING_RATIO_MEAN,6305.882278442383
CC_CC_RECEIVABLE_RATIO_MAX,6291.950601577759
OBS_60_CNT_SOCIAL_CIRCLE,6223.954614639282
CC_CC_FULL_BALANCE_SUM,6172.903995513916
CC_CC_UNDERPAYING_MEAN,6105.73551940918
CODE_GENDER,6104.477317810059
GEO_COMMON_AREA_MEAN,6099.878314971924
LIVINGAPARTMENTS_AVG,6090.988510131836
ENTRANCES_AVG,6073.649602890015
LIVINGAREA_MEDI,6015.9826011657715
WALLSMATERIAL_MODE,5997.708984375
CC_CASH_ADVANCE_DEPENDENCY,5924.162279129028
CC_CNT_INSTALMENT_MATURE_CUM_SUM,5884.005725860596
CC_CC_DRAWING_RATIO_MAX,5878.764419555664
CC_AMT_PAYMENT_CURRENT_STD,5855.1968784332275
BB_BB_STATUS_1_MEAN,5843.784616470337
APARTMENTS_MEDI,5685.3409786224365
CC_UTILIZATION_TREND,5638.83930015564
CC_AMT_BALANCE_STD,5587.267374038696
FLOORSMAX_AVG,5564.42301940918
BB_BB_STATUS_DPD_MEAN,5486.880783081055
PREV_DAYS_FIRST_DRAWING_MEAN,5388.008060455322
CC_AMT_CREDIT_LIMIT_ACTUAL_MIN,5369.423503875732
CC_AMT_PAYMENT_CURRENT_MEAN,5338.676677703857
AMT_REQ_CREDIT_BUREAU_YEAR,5328.6822147369385
POS_SK_ID_PREV_NUNIQUE,5325.004722595215
GEO_BUILDING_AGE_MEAN,5324.183088302612
FLAG_WORK_PHONE,5312.3555908203125
GEO_REGION_POPULATION_RELATIVE_CATEGORY,5288.01872253418
POS_POS_HAS_DPD_MEAN,5167.8427734375
CC_CC_CASH_DRAWING_RATIO_MEAN,5138.192775726318
INST_INST_PAID_LATE_SUM,5114.2817096710205
CC_AMT_DRAWINGS_CURRENT_STD,5085.819784164429
CC_AMT_DRAWINGS_ATM_CURRENT_SUM,5065.670690536499
CC_AMT_PAYMENT_TOTAL_CURRENT_MAX,5038.3359088897705
CC_AMT_DRAWINGS_POS_CURRENT_MAX,5009.541702270508
YEARS_BUILD_MEDI,4980.1262130737305
NONLIVINGAPARTMENTS_AVG,4938.596878051758
BUREAU_CREDIT_TYPE_COUNT,4822.562913894653
PREV_AMT_GOODS_PRICE_SUM,4802.691287994385
CC_CC_UNDERPAYING_SUM,4757.53021812439
POS_POS_STATUS_ACTIVE_SUM,4742.933427810669
NAME_HOUSING_TYPE,4664.92472076416
FLOORSMAX_MEDI,4661.252613067627
DOC_SUPPLEMENTARY_COUNT,4643.271881103516
INST_INST_UNDERPAID_SUM,4640.5188846588135
CC_CNT_INSTALMENT_MATURE_CUM_MAX,4635.54358291626
CC_CC_POS_DRAWING_RATIO_MAX,4487.230398178101
YEARS_BUILD_AVG,4477.0711097717285
CC_AMT_CREDIT_LIMIT_ACTUAL_MAX,4407.872024536133
YEARS_BUILD_MODE,4358.148496627808
FLOORSMIN_AVG,4328.5389976501465
POS_POS_HAS_DPD_DEF_MEAN,4320.621910095215
ENTRANCES_MEDI,4239.189586639404
CC_AMT_PAYMENT_CURRENT_MAX,4104.5563888549805
PREV_CNT_PAYMENT_MIN,4051.449489593506
CC_AMT_PAYMENT_TOTAL_CURRENT_SUM,4048.547794342041
PREV_PREV_APP_REFUSED_SUM,4020.622709274292
INST_NUM_INSTALMENT_VERSION_MAX,4005.3599224090576
ENTRANCES_MODE,3958.420867919922
CC_CC_PAYMENT_RATIO_MIN,3829.0627937316895
CC_AMT_PAYMENT_CURRENT_SUM,3827.316390991211
PREV_PREV_APP_APPROVED_SUM,3810.833890914917
BUREAU_AMT_CREDIT_SUM_OVERDUE_MAX,3758.6297912597656
POS_SK_DPD_STD,3751.6540870666504
BB_PAYMENT_CONSISTENCY,3727.6623210906982
POS_POS_STATUS_COMPLETED_MEAN,3723.701114654541
CC_CC_CASH_DRAWING_RATIO_MAX,3677.83101272583
POS_NUM_COMPLETED_LOANS,3618.6281127929688
FLAG_PHONE,3551.310199737549
POS_SK_DPD_SUM,3523.3727893829346
INST_NUM_INSTALMENT_VERSION_NUNIQUE,3504.624584197998
CNT_CHILDREN,3469.3876991271973
CC_UTILIZATION_STABILITY,3457.528522491455
ELEVATORS_AVG,3452.8104820251465
CC_AMT_PAYMENT_TOTAL_CURRENT_MEAN,3449.9061126708984
PREV_NAME_CONTRACT_TYPE_NUNIQUE,3373.9915351867676
CC_AMT_DRAWINGS_CURRENT_MAX,3370.028205871582
CC_AMT_DRAWINGS_CURRENT_MEAN,3358.0637130737305
NONLIVINGAPARTMENTS_MODE,3331.419967651367
CC_AMT_DRAWINGS_POS_CURRENT_SUM,3220.0647830963135
INST_INST_PAYMENT_DIFF_MAX,3156.564182281494
BB_RECENT_12M_DPD_RATE,3133.235097885132
CC_CC_POS_DRAWING_RATIO_MEAN,3130.4385890960693
CC_AMT_INST_MIN_REGULARITY_SUM,3128.700493812561
PREV_TOTAL_APPLICATIONS,3108.181526184082
AMT_REQ_CREDIT_BUREAU_MON,3106.7692108154297
CC_CNT_DRAWINGS_POS_CURRENT_MEAN,3052.1676902770996
PREV_DAYS_FIRST_DRAWING_MIN,3041.2816009521484
POS_POS_HAS_DPD_SUM,2997.342502593994
CC_CNT_DRAWINGS_ATM_CURRENT_MAX,2996.624195098877
BB_DPD_TREND_6M,2975.7602920532227
NAME_TYPE_SUITE,2963.3675842285156
CC_CC_RECEIVABLE_RATIO_MEAN,2921.2261905670166
FONDKAPREMONT_MODE,2911.4669876098633
CC_CC_FULL_BALANCE_MEAN,2891.69478225708
PREV_NAME_PRODUCT_TYPE_NUNIQUE,2874.0546646118164
CC_CNT_DRAWINGS_ATM_CURRENT_SUM,2790.458394050598
POS_SK_DPD_DEF_SUM,2739.1736793518066
CC_SK_ID_PREV_COUNT,2719.9197998046875
CC_CNT_DRAWINGS_CURRENT_SUM,2697.2002925872803
PREV_PREV_APP_CANCELED_SUM,2623.6595973968506
CC_AMT_DRAWINGS_ATM_CURRENT_MAX,2603.3469200134277
BB_BB_STATUS_1_SUM,2544.369691848755
CC_AMT_DRAWINGS_POS_CURRENT_MEAN,2529.996109008789
BUREAU_CREDIT_TYPE_NUNIQUE,2511.4329795837402
FLOORSMAX_MODE,2503.8416023254395
CC_AMT_DRAWINGS_CURRENT_SUM,2495.862901687622
PREV_CHANNEL_TYPE_NUNIQUE,2423.7966918945312
CC_CC_OVER_LIMIT_SUM,2354.0816802978516
ELEVATORS_MODE,2332.1940994262695
NONLIVINGAPARTMENTS_MEDI,2274.903781890869
CC_AMT_BALANCE_MAX,2255.5734882354736
POS_SK_DPD_MAX,2255.4340019226074
POS_DPD_RATE,2172.102191925049
GEO_APP_HOUR_CATEGORY,2078.1428031921387
CC_AMT_RECIVABLE_MAX,1943.9697875976562
CC_AMT_INST_MIN_REGULARITY_MEAN,1932.0758972167969
CC_SK_DPD_DEF_MEAN,1927.946397781372
NAME_CONTRACT_TYPE,1908.6698837280273
ELEVATORS_MEDI,1904.7908973693848
POS_SK_DPD_MEAN,1899.9749069213867
FLAG_OWN_REALTY,1888.9864082336426
POS_RECENT_POS_STATUS_COMPLETED_SUM,1884.9176063537598
POS_SK_ID_PREV_COUNT,1884.3561792373657
FLOORSMIN_MEDI,1876.7518997192383
CC_CNT_DRAWINGS_POS_CURRENT_MAX,1876.2665977478027
BUREAU_AMT_CREDIT_SUM_OVERDUE_SUM,1862.2897968292236
CC_AMT_RECEIVABLE_PRINCIPAL_MEAN,1840.2152099609375
CC_AMT_INST_MIN_REGULARITY_MAX,1793.1612014770508
BB_DELINQUENCY_RATE,1784.181209564209
PREV_NAME_PAYMENT_TYPE_NUNIQUE,1769.3291015625
CC_CC_UTILIZATION_MEAN,1755.891616821289
BUREAU_AMT_CREDIT_SUM_OVERDUE_MEAN,1744.633876800537
CC_CC_USING_CASH_ADVANCE_SUM,1726.3524990081787
CC_AMT_RECEIVABLE_PRINCIPAL_MAX,1643.8811988830566
CC_CC_UTILIZATION_MIN,1625.6142807006836
POS_TOTAL_CONTRACTS,1577.586971282959
CC_CNT_DRAWINGS_POS_CURRENT_SUM,1572.1031875610352
CC_SK_DPD_MEAN,1568.4505939483643
CC_AMT_RECEIVABLE_PRINCIPAL_SUM,1553.395408630371
REGION_RATING_CLIENT_W_CITY,1533.779296875
CC_SK_DPD_SUM,1531.592414855957
CC_AMT_BALANCE_MIN,1509.5878067016602
DOC_DIVERSITY_SCORE,1496.0440921783447
BB_BB_STATUS_DPD_SUM,1444.176197052002
BUREAU_CNT_CREDIT_PROLONG_MEAN,1400.5733909606934
FLOORSMIN_MODE,1381.88570022583
CC_AMT_BALANCE_SUM,1374.1448097229004
CC_AMT_RECIVABLE_SUM,1342.6349058151245
BB_MONTHS_BALANCE_MAX,1310.3081893920898
AMT_REQ_CREDIT_BUREAU_DAY,1310.2427062988281
CC_RECENT_CC_UNDERPAYING,1295.1493072509766
DOC_SUPPLEMENTARY_RATE,1273.1630020141602
DOC_ESSENTIAL_RATE,1266.9620056152344
EMERGENCYSTATE_MODE,1249.529712677002
DOC_OPTIONAL_COUNT,1196.4262008666992
CC_AMT_BALANCE_MEAN,1187.642002105713
CC_CC_DPD_SEVERITY_MEAN,1164.084400177002
HOUSETYPE_MODE,1149.0433082580566
GEO_REGION_RISK_SCORE,1140.5793838500977
BB_BB_STATUS_2_MEAN,1109.6968955993652
INST_AVG_DAYS_LATE,1100.9536018371582
BUREAU_PROLONG_RATE,1085.8726997375488
CC_AMT_RECIVABLE_MEAN,1072.6766204833984
CC_FREQUENT_OVER_LIMIT,1072.183307647705
FLAG_EMAIL,1007.7310943603516
CC_AMT_TOTAL_RECEIVABLE_MEAN,990.2845001220703
CC_AMT_DRAWINGS_OTHER_CURRENT_MAX,979.0549011230469
INST_PAYMENT_PLAN_CHANGES,977.3298034667969
BUREAU_OVERDUE_RATIO,960.8456954956055
LIVE_CITY_NOT_WORK_CITY,919.3361968994141
GEO_HAS_BASEMENT,845.9190979003906
REG_REGION_NOT_WORK_REGION,843.5511894226074
POS_POS_HAS_DPD_DEF_SUM,842.8991088867188
REG_CITY_NOT_WORK_CITY,837.276496887207
CC_AMT_TOTAL_RECEIVABLE_SUM,794.3336925506592
DOC_MISSING_CRITICAL,773.9523963928223
GEO_BUILDING_OLD,729.9970932006836
CC_AMT_TOTAL_RECEIVABLE_MAX,726.7615051269531
BUREAU_CNT_CREDIT_PROLONG_MAX,677.9165992736816
BUREAU_CREDIT_DAY_OVERDUE_MAX,677.7428131103516
CC_SK_DPD_MAX,658.7825965881348
FLAG_DOCUMENT_11,657.1994018554688
CC_AMT_DRAWINGS_OTHER_CURRENT_MEAN,655.2747077941895
BB_BB_STATUS_4_SUM,643.6673984527588
CC_CNT_DRAWINGS_OTHER_CURRENT_MEAN,621.7091064453125
GEO_REGION_CITY_DIFF,620.5844955444336
GEO_HAS_COMMON_AREA,601.1284923553467
REG_REGION_NOT_LIVE_REGION,597.5365924835205
POS_POS_STATUS_COMPLETED_SUM,558.0962028503418
CC_SK_DPD_DEF_SUM,537.8553047180176
FLAG_DOCUMENT_6,530.4388046264648
CC_AMT_DRAWINGS_OTHER_CURRENT_SUM,528.9286956787109
DOC_GAPS,490.64989471435547
FLAG_DOCUMENT_8,489.68238162994385
DOC_OPTIONAL_RATE,480.20350646972656
LIVE_REGION_NOT_WORK_REGION,441.02589988708496
BB_BB_STATUS_2_SUM,433.7049045562744
CC_CNT_DRAWINGS_OTHER_CURRENT_SUM,399.4046001434326
FLAG_DOCUMENT_13,381.6635036468506
BB_SERIOUS_DPD_RATE,376.27399826049805
BB_BB_STATUS_5_MEAN,361.9239044189453
PREV_RATE_INTEREST_PRIMARY_MAX,356.8734016418457
PREV_RATE_INTEREST_PRIMARY_MIN,300.0408058166504
FLAG_DOCUMENT_18,277.53690338134766
PREV_RATE_INTEREST_PRIMARY_MEAN,270.2042007446289
BB_BB_STATUS_3_MEAN,269.1162986755371
INST_HAS_BEEN_LATE,267.1748962402344
BUREAU_CREDIT_DAY_OVERDUE_SUM,251.69770050048828
CC_CC_OVER_LIMIT_MAX,217.0240020751953
AMT_REQ_CREDIT_BUREAU_WEEK,209.50139999389648
BB_BB_STATUS_5_SUM,197.1056022644043
REGION_RATING_CLIENT,195.89760208129883
PREV_RATE_INTEREST_PRIVILEGED_MAX,178.42050170898438
CC_SK_DPD_DEF_MAX,166.6541976928711
BB_BB_STATUS_4_MEAN,153.0464973449707
CC_RECENT_SK_DPD,152.78109741210938
BUREAU_CREDIT_DAY_OVERDUE_MEAN,145.64979934692383
FLAG_DOCUMENT_14,141.256103515625
BUREAU_CNT_CREDIT_PROLONG_SUM,118.82740020751953
DOC_COUNT_TOTAL,117.4000015258789
CC_CC_DPD_SEVERITY_MAX,106.06499862670898
INST_GETTING_WORSE,102.80830001831055
FLAG_DOCUMENT_5,97.1067008972168
POS_SEVERE_DPD,91.91790008544922
GEO_REGION_CITY_MATCH,76.38480377197266
FLAG_DOCUMENT_16,76.08740234375
DOC_SUBMISSION_RATE,63.874298095703125
AMT_REQ_CREDIT_BUREAU_HOUR,61.51789855957031
BB_GETTING_WORSE,56.40340042114258
POS_DPD_GETTING_WORSE,50.99089813232422
PREV_DAYS_FIRST_DRAWING_MAX,49.58700180053711
CC_UTILIZATION_INCREASING,47.3484001159668
PREV_INTEREST_RATE_RANGE,44.480499267578125
PREV_RATE_INTEREST_PRIVILEGED_MIN,0.0
FLAG_EMP_PHONE,0.0
FLAG_MOBIL,0.0
PREV_RATE_INTEREST_PRIVILEGED_MEAN,0.0
BB_HAS_SERIOUS_DPD,0.0
BB_BB_STATUS_DPD_MAX,0.0
BB_BB_STATUS_3_SUM,0.0
CC_VERY_RECENT_SK_DPD,0.0
FLAG_DOCUMENT_17,0.0
BUREAU_HAS_OVERDUE,0.0
CC_GOOD_PAYER,0.0
CC_HAS_DPD_HISTORY,0.0
CC_HIGH_UTILIZATION,0.0
CC_MIN_PAYER,0.0
DOC_EMPLOYMENT_COUNT,0.0
CC_SEVERE_DPD,0.0
POS_POS_STATUS_DEMAND_SUM,0.0
POS_POS_STATUS_DEMAND_MEAN,0.0
POS_HAS_ANY_DPD,0.0
POS_POS_STATUS_CANCELLED_SUM,0.0
POS_POS_STATUS_CANCELLED_MEAN,0.0
POS_POS_STATUS_AMORT_DEBT_SUM,0.0
POS_POS_STATUS_AMORT_DEBT_MEAN,0.0
POS_HAS_CANCELLATIONS,0.0
POS_HAS_DEMAND_STATUS,0.0
DOC_COMPLETE,0.0
POS_POS_HAS_DPD_MAX,0.0
DOC_BALANCED,0.0
DOC_HAS_EMPLOYMENT,0.0
DOC_ID_INCOME_COMBO,0.0
FLAG_DOCUMENT_9,0.0
DOC_MAX_CONSECUTIVE,0.0
FLAG_DOCUMENT_7,0.0
FLAG_DOCUMENT_4,0.0
INST_SEVERE_LATE,0.0
FLAG_DOCUMENT_21,0.0
FLAG_DOCUMENT_20,0.0
FLAG_DOCUMENT_2,0.0
FLAG_DOCUMENT_19,0.0
POS_POS_HAS_DPD_DEF_MAX,0.0
FLAG_DOCUMENT_15,0.0
FLAG_DOCUMENT_12,0.0
FLAG_DOCUMENT_10,0.0
FLAG_CONT_MOBILE,0.0
DOC_SUSPICIOUSLY_LOW,0.0
DOC_OVER_DOCUMENTED,0.0
POS_CANCELLATION_RATE,0.0
CC_CNT_DRAWINGS_OTHER_CURRENT_MAX,0.0
DOC_MINIMAL,0.0
INST_INST_PAID_LATE_MAX,0.0
